Tue Jan 02 2024 17:25:09 GMT-0500 (Eastern Standard Time)	Unknown	::ffff:121.36.193.175
Tue Jan 02 2024 22:22:19 GMT-0500 (Eastern Standard Time)	Unknown	::ffff:8.218.50.166
Thu Jan 04 2024 04:15:24 GMT-0500 (Eastern Standard Time)	Unknown	::ffff:180.184.171.155
Thu Jan 04 2024 06:22:27 GMT-0500 (Eastern Standard Time)	Unknown	::ffff:34.201.165.210
Fri Jan 05 2024 00:44:27 GMT-0500 (Eastern Standard Time)	Unknown	::ffff:167.99.57.109
Fri Jan 05 2024 15:47:58 GMT-0500 (Eastern Standard Time)	Unknown	::ffff:175.178.116.180
Sat Jan 06 2024 14:01:18 GMT-0500 (Eastern Standard Time)	curl/7.54.0	c-71-199-97-103.hsd1.pa.comcast.net:8081
Sat Jan 06 2024 14:01:18 GMT-0500 (Eastern Standard Time)	curl/7.54.0	c-71-199-97-103.hsd1.pa.comcast.net:8081
Sat Jan 06 2024 23:31:33 GMT-0500 (Eastern Standard Time)	Unknown	::ffff:59.49.77.211
Sun Jan 07 2024 00:27:39 GMT-0500 (Eastern Standard Time)	Unknown	::ffff:172.245.214.201
Thu Jan 11 2024 13:15:46 GMT-0500 (Eastern Standard Time)	Unknown	::ffff:36.139.63.59
Fri Jan 12 2024 01:55:21 GMT-0500 (Eastern Standard Time)	Unknown	::ffff:47.99.136.156
Sat Jan 13 2024 15:08:59 GMT-0500 (Eastern Standard Time)	Unknown	::ffff:185.200.244.137
Sun Jan 14 2024 06:38:52 GMT-0500 (Eastern Standard Time)	Unknown	::ffff:139.196.40.203
Mon Jan 15 2024 05:13:44 GMT-0500 (Eastern Standard Time)	Unknown	::ffff:172.245.89.111
Fri Jan 19 2024 07:58:32 GMT-0500 (Eastern Standard Time)	Unknown	::ffff:8.213.28.217
